<?xml version="1.0" encoding="UTF-8" standalone="yes"?>
<addon id="plugin.video.winner" name="[B][/B][COLOR aqua][/COLOR]WINNER" version="1.0.7" provider-name="Camaradas">
    <requires>
        <import addon="script.module.requests" />
        <import addon="script.module.pysocks" />
        <import addon="script.module.six" />
        <import addon="plugin.video.youtube" />
        <import addon="script.module.horus" optional="true" />
    </requires>
    <extension point="xbmc.python.pluginsource" library="default.py">
        <provides>video</provides>
    </extension>
    <extension point="xbmc.addon.repository" name="Hiraya Software Repo">
        <info>https://raw.githubusercontent.com/camaradas/camaradas.repo/master/Repositorio/addons.xml</info>
        <checksum>https://raw.githubusercontent.com/camaradas/camaradas.repo/master/Repositorio/addons.xml.md5</checksum>
        <datadir zip="true">https://raw.githubusercontent.com/camaradas/camaradas.repo/master/Repositorio/</datadir>
    </extension>
    <extension point="xbmc.addon.metadata">
        <summary lang="en">WINNER</summary>
        <description lang="en">Live Sports Addon.

Development: George, Alex303, Picapau
Development support: Jesus, Toni
Contributions: SuperTopo, Jesus
Artwork: Bojbit
Translation: Lou
Content: Lou, Alex303, MiKeL, Chikiry, Bojbit, Luisma, Lucas, Nano, K0S, Manujaz, MrYayi
Testers: Luisma, Toni, Zarat, SuperTopo, Jorge, Bojbit, MiKeL, Chikiry, Pau, Alex, Luar team
        </description>
        <disclaimer lang="en">WINNER Addon - Live Sports Addon</disclaimer>
        <summary lang="es">WINNER</summary>
        <description lang="es">Addon con eventos deportivos en directo.

Desarrollo: George, Alex303, Picapau
Soporte desarrollo: Jesus, Toni
Aportaciones: SuperTopo, Jesus
Artwork: Bojbit
Traducciones: Lou
Contenido: Lou, Alex303, MiKeL, Chikiry, Bojbit, Luisma, Lucas, Nano, K0S, Manujaz, MrYayi
Testers: Luisma, Toni, Zarat, SuperTopo, Jorge, Bojbit, MiKeL, Chikiry, Pau, Alex, equipo Luar
        </description>
        <disclaimer lang="es">Addon WINNER - Eventos Deportivos en directo</disclaimer>
        <platform>all</platform>
        <assets>
            <icon>icon.gif</icon>
            <fanart>fanart.jpg</fanart>
        </assets>
    </extension>
</addon>
